,SCORE_0,SCORE_1,SCORE_2,SCORE_3,TOTAL
GROUP_1,0.12,0.56,2.86,6.46,10.0
GROUP_2,0.18,2.2,3.38,4.24,10.0
GROUP_3,0.28,1.68,3.48,4.56,10.0
ALL,0.19333333333333333,1.48,3.24,5.086666666666667,10.0
