,SCORE_0,SCORE_1,SCORE_2,SCORE_3,TOTAL
GROUP_1,2.26,2.78,3.22,6.74,15.0
GROUP_2,2.78,4.48,3.5,4.24,15.0
GROUP_3,3.56,3.3,3.54,4.6,15.0
ALL,2.8666666666666667,3.52,3.42,5.193333333333333,15.0
